,p_hat
0,0.2213512526168858
1,0.4244816984588711
2,0.22976787230735723
3,0.32247681217849505
4,0.5265232954528457
5,0.47305612838007877
6,0.7835599496964596
7,0.46493208699394556
8,0.2652572810023563
9,0.5674266452721783
10,0.5635118724898123
11,0.36140205010645227
12,0.34691171114839275
13,0.46336149276244687
14,0.36212641789750916
15,0.5423739520339035
16,0.36184959957145735
17,0.3390219219380694
18,0.34865623400234996
19,0.38761918327154454
20,0.4261184381753753
21,0.613768451111174
22,0.48598980692448457
23,0.4797701503330306
24,0.3252990071489051
25,0.5506499688623301
26,0.38265268934793395
27,0.4713536425452241
28,0.8445342748936587
29,0.5759076231602217
30,0.5112136517521079
31,0.4750821058728864
32,0.6105793200065097
33,0.7648945877938953
34,0.44027680983893625
35,0.7055617685378219
36,0.4536627607057463
37,0.42196764520294905
38,0.42944806892280196
39,0.33829861767024194
40,0.37166195875984426
41,0.4095667069609413
42,0.47002346580486937
43,0.4386190675401937
44,0.6009233326244479
45,0.6124689560532227
46,0.43247732328655436
47,0.3165872336936181
48,0.3339942662104337
49,0.3591761656634943
50,0.45836656404419596
51,0.42053098289782914
52,0.4462059032835786
53,0.23909521706152004
54,0.3630814848088433
55,0.22601212133975743
56,0.3260404544527024
57,0.7105060146943353
58,0.6583972838059833
59,0.40002454147962485
60,0.5065275636739558
61,0.7371969468457894
62,0.21844425968552883
63,0.5693899081660845
64,0.35948428604877924
65,0.42992765029887964
66,0.3525202207241861
67,0.3827346104109163
68,0.5839240742905767
69,0.2799131794500106
70,0.26602094812437277
71,0.5541903211266745
72,0.5034170257088172
73,0.312222720923571
74,0.3620907218170822
75,0.27701953616858405
76,0.3620393376851306
77,0.4540208630678272
78,0.38519831474690774
79,0.31937731107048645
80,0.377717859587063
81,0.4047026505255638
82,0.7949359000274593
83,0.37815158618843897
84,0.7387178961079645
85,0.48028332896671394
86,0.4831301057580907
87,0.4384036841180849
88,0.3871180930145755
89,0.4611634401111149
90,0.47888502426029284
91,0.3068328421049044
92,0.45886199427678837
93,0.19651930433517023
94,0.39955255891913816
95,0.5580227163682889
96,0.34418459289475
97,0.4334201262947213
98,0.6490100458405893
99,0.43735163683165823
100,0.37132367641567376
101,0.35104285658078854
102,0.34969599810725477
103,0.6822586182373974
104,0.45550178814350145
105,0.42214685267136537
106,0.3987446895299052
107,0.3336831863934271
108,0.47884344211703495
109,0.6219896148023352
110,0.491954853583771
111,0.40168771532662756
112,0.37618112821311495
113,0.5441918894067942
114,0.2877409844717351
115,0.625883470952782
116,0.3903750418360775
117,0.9347666155463523
118,0.2718957017464855
119,0.3264439714708601
120,0.3573977755954696
121,0.3480212111675598
122,0.506097123218416
123,0.3254115995446093
124,0.44496731262480477
125,0.5515172023680283
126,0.3666248355534027
127,0.3811287330089866
128,0.4039400634635933
129,0.29578478743779957
130,0.5011715123507902
131,0.2998517236535441
132,0.389781420791593
133,0.31400497976132336
134,0.36333464665555953
135,0.401566431566622
136,0.30845805833114814
137,0.3005568249970503
138,0.7165624444204857
139,0.4349373235636381
140,0.4498618907791707
141,0.5104865754685355
142,0.48983381440282786
143,0.3533780953411791
144,0.40451177506639374
145,0.3633025383378325
146,0.3910830141969368
147,0.5132702620928642
148,0.6384819297851833
149,0.3290380205101683
150,0.2890873209516539
151,0.3106419295591894
152,0.4913357894412226
153,0.4098975205531851
154,0.5765706806201056
155,0.32702507143524756
156,0.5034105007290232
157,0.4824159486335612
158,0.4466959984684797
159,0.3607978562596839
160,0.3640850550513374
161,0.5113992370361284
162,0.32905274523571826
163,0.4142277764846365
164,0.5852032199516263
165,0.3351525719006967
166,0.36111501886224834
167,0.39952902711447974
168,0.3196653907677489
169,0.5200449616894329
170,0.39892819983466415
171,0.547958797445657
172,0.29886243743799545
173,0.504900978273763
174,0.414279937871629
175,0.36940528649591925
176,0.48017542245767003
177,0.4748048138432844
178,0.23282330654396108
179,0.28716982808420444
180,0.47999104019015276
181,0.4633630046660561
182,0.5258230005414667
183,0.5514667766927829
184,0.3426957919120105
185,0.35606076871181364
186,0.44843662055033073
187,0.41132137566208893
188,0.44149433134101507
189,0.5181191535939136
190,0.453939050532228
191,0.3906593138394628
192,0.43574199648402834
193,0.35141520552348116
194,0.4111777586168175
195,0.43184292118061196
196,0.39960474196647483
197,0.41496159104636404
198,0.590850289053918
199,0.38733122428674854
200,0.35040184072275454
201,0.48435688389381065
202,0.473715952646452
203,0.40310517983997773
204,0.802673632924308
205,0.3297145588755856
206,0.3165535237464762
207,0.2605089828297137
208,0.4351131859547539
209,0.39868640830454777
210,0.5032604439907312
211,0.3840684501474792
212,0.498712881262536
213,0.41982243793726925
214,0.4289283605917096
215,0.28422139738511193
216,0.35178382260756047
217,0.6113325807680922
218,0.16077436198283654
219,0.33997239432012544
220,0.4342716048069754
221,0.3735763023385058
222,0.6808662374438925
223,0.5701616829838053
224,0.4068516308357414
225,0.2977965190196533
226,0.2569009180171363
227,0.20799371139942957
228,0.44574434077852426
229,0.39351910674921886
230,0.360384273087587
231,0.3196363850043708
232,0.3700039731164163
233,0.3518840873954368
234,0.3805381488841309
235,0.574422490235582
236,0.32869736035425784
237,0.3336686014581452
238,0.4814826215637739
239,0.5408077946143219
240,0.4543035334778107
241,0.3467241096873347
242,0.6299475205288902
243,0.4996402669809204
244,0.28480913587708856
245,0.25997806246944816
246,0.4011439896729402
247,0.3151456051346518
248,0.18678580089863336
249,0.2585023244407495
250,0.431286026011233
251,0.36210303396597115
252,0.4932410720517138
253,0.41651330623102356
254,0.33446636207431946
255,0.4090864499843078
256,0.3141876433610757
257,0.6698702118766431
258,0.6226212459849936
259,0.4190839108318698
260,0.36762016894576227
261,0.45155794935238386
262,0.21424168651700773
263,0.5354883779744736
264,0.4334109299865763
265,0.4620111291613066
266,0.4923677017433319
267,0.6843869797349701
268,0.33586460439438576
269,0.22149686698881643
270,0.6387872471818444
271,0.3307086838765194
272,0.3902335200586246
273,0.5435790183341216
274,0.26130576207558287
275,0.31162606093186324
276,0.5104628114138541
277,0.41314206875352266
278,0.0336493995527149
279,0.3285897350644915
280,0.4411435761868232
281,0.30500740403749416
282,0.4422391571837802
283,0.3105101540529196
284,0.40406272408985583
285,0.4476778452139807
286,0.1775548468942854
287,0.44236502817296264
288,0.8103043524113832
289,0.4429294351647404
290,0.38707450228770707
291,0.22298841754485824
292,0.47389727940600007
293,0.37739532549698385
294,0.5809913438477515
295,0.5250461266456304
296,0.5401898233952266
297,0.7370767453156702
298,0.3917196617921599
299,0.46702185556003806
300,0.43776062855722997
301,0.2316614960780043
302,0.3930173895243347
303,0.27841498418682437
304,0.33387810839376264
305,0.3541974648367948
306,0.390817495990196
307,0.270142064287796
308,0.28456284244966296
309,0.3056021958763453
310,0.41623476015648747
311,0.41556495860712184
312,0.3081550873600955
313,0.3371416217968762
314,0.440519746916883
315,0.5137243287134583
316,0.7390175544893465
317,0.641485896556826
318,0.7412657867750703
319,0.36666095968827334
320,0.38999309515370595
321,0.2374893363535894
322,0.7070737154018509
323,0.38391565548955175
324,0.5484958481860716
325,0.42392020689023147
326,0.3634305294628656
327,0.7467158254767194
328,0.43997839920033893
329,0.36471865416940974
330,0.5623395589844652
331,0.44229149460423883
332,0.44268090070304295
333,0.35449422339864123
334,0.740712578855916
335,0.505297367621458
336,0.2930175244629786
337,0.35717552410994197
338,0.4642252654838817
339,0.35804057674299994
340,0.5798805772948344
341,0.5159279740909988
342,0.4705388695700656
343,0.3605175689788555
344,0.45048990467785555
345,0.3305609856335384
346,0.30037096017168163
347,0.3888079388500268
348,0.17634585243386314
349,0.4958354893638615
350,0.6938291553025339
351,0.3067977597505111
352,0.46960455886587443
353,0.5970461691202463
354,0.29490807868358615
355,0.7388748331483864
356,0.3116895986458401
357,0.5100022400840868
358,0.4317937155540135
359,0.3338477962531338
360,0.35714969108083877
361,0.5713789237570569
362,0.38925335250103776
363,0.6470717211989327
364,0.4709851598725078
365,0.5398251206165912
366,0.4547892531618815
367,0.3595971164262441
368,0.2701541436633719
369,0.4173974456427674
370,0.38609144427724856
371,0.5092470703549518
372,0.4095740599313798
373,0.4290904979385657
374,0.2721688242742368
375,0.6138345133661136
376,0.4290227665726513
377,0.45174422111808893
378,0.42321671920853104
379,0.39011421389012274
380,0.5915069382015906
381,0.40765391519123045
382,0.40577281412932426
383,0.46749989292309674
384,0.5709588391078946
385,0.3787454563211443
386,0.3978946619580972
387,0.3383238117260724
388,0.4513917556734435
389,0.4980863332854713
390,0.4588891353739185
391,0.2502404086848404
392,0.5640155706807763
393,0.5503669351367607
394,0.45641419308563763
395,0.4650385700711954
396,0.2831217711888202
397,0.36273759849322784
398,0.5536412659343933
399,0.5277614451677308
400,0.6912016681964761
401,0.48466772422503124
402,0.43826574355971465
403,0.6783785465573619
404,0.5224897408199153
405,0.321801736833555
406,0.3348713843573904
407,0.4856109920838043
408,0.29559441344393683
409,0.46583955251723264
410,0.46487990770810467
411,0.5271978083353215
412,0.47941745189910656
413,0.7549927321651353
414,0.4016895031226709
415,0.3687731868408197
416,0.46106168653302076
417,0.38291912627321906
418,0.3830701155254063
419,0.6241607570658816
420,0.351968665746072
421,0.47645460021844244
422,0.45544468740285105
423,0.3890097326822476
424,0.5423840857321562
425,0.25845629709353807
426,0.4336288766856932
427,0.3528081076297846
428,0.4805581668595967
429,0.453289056329831
430,0.4950690027641399
431,0.47457484939504146
432,0.22707118572673024
433,0.19179917593157703
434,0.6320781984033904
435,0.7181118234096618
436,0.4176698185140748
437,0.49022430371870207
438,0.6794751480007322
439,0.4942771423145263
440,0.4982809985227524
441,0.625223488755238
442,0.5469951271981736
443,0.5199972517025703
444,0.4410085650235018
445,0.5553049028175823
446,0.6332739618069634
447,0.4231011866858927
448,0.6742388445107746
449,0.5168216867956027
450,0.4642206976536273
451,0.6093293079955813
452,0.43585219170290734
453,0.43665738157772827
454,0.5419974856531007
455,0.3516693420297328
456,0.6439892973112914
457,0.8198046169690337
458,0.42378555786556626
459,0.4469119204880471
460,0.41708203766899965
461,0.527699802325034
462,0.3765048797130452
463,0.38182443336791266
464,0.4041642915877647
465,0.367030301848762
466,0.4363108016530217
467,0.39093548112397586
468,0.39635889430229454
469,0.4213900051702832
470,0.5528282368272066
471,0.21899755515203617
472,0.5187813650657577
473,0.40367555507391106
474,0.4085102705303786
475,0.39437322017088666
476,0.39815779864677836
477,0.2854909572349033
478,0.1601427313271231
479,0.2424583225602352
480,0.35439631222566687
481,0.47001768985981957
482,0.4201843584409908
483,0.3778009126233094
484,0.5423590312393615
485,0.41999051327529374
486,0.3720531154939133
487,0.40080323232682946
488,0.21112902964230956
489,0.3350865895323113
490,0.5950232958899773
491,0.4730977694834286
492,0.38199047845627365
493,0.42220519708013426
494,0.55318264981949
495,0.5794154145612147
496,0.7209497106880276
497,0.40671855145534364
498,0.4563197894562716
499,0.5521946277518395
500,0.3880392721095882
501,0.48919630111021184
502,0.5375715029083301
503,0.32222237577738244
504,0.44315962200317727
505,0.7502366721353115
506,0.4649792851605626
507,0.43281620686084643
508,0.3960089935802326
509,0.287931263343934
510,0.5355842132668587
511,0.4269298486755541
512,0.42143731753432334
513,0.5801740983513836
514,0.5008639411796837
515,0.31810469528463087
516,0.5785006761971793
517,0.3326244668709437
518,0.45134965603301364
519,0.593039377288429
520,0.471146679706482
521,0.4540057211948924
522,0.5829910067666474
523,0.4260807063158879
524,0.30197991466988944
525,0.30753369347614445
526,0.3517238114235502
527,0.35829781835891056
528,0.29315798300733614
529,0.20078524848118845
530,0.3444555963243339
531,0.4166164342440483
532,0.4174837391900369
533,0.49546890723060194
534,0.3853736444811988
535,0.29191213782562997
536,0.49059768642337453
537,0.47621182923501826
538,0.3444809377638043
539,0.3033773301302705
540,0.46080506660051923
541,0.43883169209856404
542,0.4541392997002631
543,0.4377666960551925
544,0.4213180794998176
545,0.2926099508642772
546,0.8135561993485835
547,0.4697828529806382
548,0.38773173325653865
549,0.3510297546892068
550,0.5648532352877981
551,0.40260065265325773
552,0.43961642802630907
553,0.5862075204607935
554,0.41003757022640486
555,0.4855545423086507
556,0.41836253484898167
557,0.4521609270996822
558,0.4409309670907657
559,0.25896167024202305
560,0.6510146108006357
561,0.42604937335909093
562,0.4018033345612349
563,0.24741104231758976
564,0.4284952143621095
565,0.519949474379794
566,0.38685487102386357
567,0.4924576411279218
568,0.39363407390194577
569,0.28114629477596376
570,0.5902855348575965
571,0.6789274422513295
572,0.4257282710626184
573,0.5176424146802753
574,0.36056457881707005
575,0.6458746821198432
576,0.5508074603130005
577,0.3501785407937353
578,0.4637055524398465
579,0.3615528011971994
580,0.3268163099054773
581,0.3494996366209522
582,0.38716894385913514
583,0.760999843671672
584,0.29271076886310615
585,0.34061442370598927
586,0.49013038882137266
587,0.5721939878442541
588,0.45367212931104356
589,0.3290560601776728
590,0.3777108356587847
591,0.7466590184061905
592,0.56416128099269
593,0.3334662802660403
594,0.4887331573535073
595,0.36540388226862713
596,0.5750800723918009
597,0.4394855116207309
598,0.503085757472617
599,0.35932489877686513
600,0.5040693208310081
601,0.321922109838944
602,0.43242654240775324
603,0.072944085814574
604,0.4198590712169785
605,0.26548262484983476
606,0.5123492653931822
607,0.563811493325856
608,0.6207430094622991
609,0.3187091390143675
610,0.7279546017437434
611,0.3188940048531618
612,0.5466922545109075
613,0.298636473453115
614,0.5689396591819573
615,0.4301279038122313
616,0.5444378465779188
617,0.3991181696220892
618,0.606924837691026
619,0.43806400705963244
620,0.3889310184823149
621,0.4816404705349769
622,0.47333003537379365
623,0.48092430032774597
624,0.405878882931213
625,0.5572020070409347
626,0.40582561480838447
627,0.4466465088282981
628,0.4789618519098577
629,0.45769048100155785
630,0.3619444352938803
631,0.5063721621706184
632,0.39482376374205813
633,0.4999754055794613
634,0.6817482748243519
635,0.4037773824429442
636,0.3215968107296316
637,0.3829232027068484
638,0.7105333532652517
639,0.30243836450067796
640,0.7432093911091572
641,0.4996562204489008
642,0.5030344366014249
643,0.532231028262807
644,0.6464067528646009
645,0.39536578608093326
646,0.35816877156078586
647,0.49233853447256076
648,0.3760905636866086
649,0.3657690746460994
650,0.38669772001990976
651,0.6014837284579522
652,0.33278949022568377
653,0.4126976051905168
654,0.7308593776699945
655,0.41539843254428477
656,0.34619264127667504
657,0.46028212620967196
658,0.5672148560405338
659,0.4812713079486239
660,0.4347716712589692
661,0.5974403001596624
662,0.5143254905200564
663,0.39420003157768413
664,0.44908172150281445
665,0.25095644028695946
666,0.3517584210793981
667,0.4594332451752701
668,0.39017525059806474
669,0.4611017613366837
670,0.3358121976063986
671,0.4580554856653562
672,0.4350894950852531
673,0.23934841087572808
674,0.5079847093211965
675,0.4628899077963838
676,0.49363616125675674
677,0.6555276774470811
678,0.31014372439079546
679,0.22546948054599353
680,0.4318427848496734
681,0.5976055342837536
682,0.40949932116712295
683,0.23364667166778902
684,0.3704986923061325
685,0.41793608546577826
686,0.4805557897521239
687,0.5942429438688469
688,0.4178483775334082
689,0.41177590930090224
690,0.4578244327820599
691,0.3540200277206333
692,0.5073350107806803
693,0.4149182107207566
694,0.46620627799055264
695,0.3759891693000911
696,0.46878635004700814
697,0.43941688228393694
698,0.46992289556623684
699,0.348283586254891
700,0.46383528082592895
701,0.47845081313691734
702,0.32531407495336345
703,0.6238344874378837
704,0.5460448846348365
705,0.4244650862316195
706,0.4895862665289421
707,0.46169230140500866
708,0.37183275328435517
709,0.5090080494371118
710,0.6323654474217864
711,0.29114701735325194
712,0.3944509497758158
713,0.5807368383191682
714,0.38091305406418996
715,0.39464480230004145
716,0.4463740003702898
717,0.8429372282315659
718,0.5022124612611778
719,0.2794876620705661
720,0.4043374263523945
721,0.6630856274536383
722,0.24609680678295573
723,0.29956822903305297
724,0.5161644118604021
725,0.5012538012165083
726,0.2769078888669225
727,0.3864067513804347
728,0.6322117970301435
729,0.7296964929127088
730,0.3324332566612737
731,0.26183455782426146
732,0.4334053981156303
733,0.4477718346684507
734,0.2650725910493334
735,0.39971797806935033
736,0.3476584561559932
737,0.41807631427643127
738,0.6306657062775096
739,0.4224616838270229
740,0.4307152317945216
741,0.7412094938186873
742,0.7723263892184192
743,0.5215810271939736
744,0.4445059656969123
745,0.5577504231529803
746,0.4833892496206856
747,0.42709389795664976
748,0.5436724913585638
749,0.05078000145320485
750,0.5716708488104683
751,0.30869471703105855
752,0.40572381983888167
753,0.4416681819207527
754,0.3642598817660636
755,0.6064186787878968
756,0.529877173122888
757,0.31976163218063464
758,0.3421747628212012
759,0.3272683342493479
760,0.8835133728081775
761,0.3998593348214765
762,0.26613118792638213
763,0.5752756991295028
764,0.38844037447639795
765,0.4501810589671922
766,0.35156773801158053
767,0.38239458906799995
768,0.5208042600669941
769,0.5363202925958779
770,0.34152029877539664
771,0.40459147910105836
772,0.607469108922504
773,0.26592388173600656
774,0.49541229342319404
775,0.4199904730975081
776,0.379927085654968
777,0.48728996367751015
778,0.5994546105464899
779,0.48450705419716067
780,0.46639939861312496
781,0.33263889162986704
782,0.3079997216080696
783,0.5789451830287752
784,0.7149390497217429
785,0.4206422233376781
786,0.43702183732898786
787,0.47023645800193953
788,0.4258142478107373
789,0.22209850388718264
790,0.48084917049470205
791,0.36583190313877806
792,0.4678684619734501
793,0.4075110275075182
794,0.6116988855063527
795,0.2549157643326251
796,0.31344755688220244
797,0.41456137659049247
798,0.4332670516505388
799,0.2736251494030452
800,0.3248755193402968
801,0.4373563165268748
802,0.341403204074832
803,0.4928864363497415
804,0.7629120550708978
805,0.3443574140893444
806,0.3780490219019857
807,0.3902865202769791
808,0.3641175639977739
809,0.4235396750144885
810,0.22422369245291293
811,0.2669182884383831
812,0.46975099930549763
813,0.34988630573425367
814,0.4254311344918091
815,0.7256015841753765
816,0.37421977260909034
817,0.3957994262002251
818,0.3338884945887151
819,0.4714155472331872
820,0.42257844772111514
821,0.49970185705862724
822,0.40370437784464697
823,0.3799055199184433
824,0.4219569105767274
825,0.4259721372291883
826,0.44968239703988844
827,0.16764418873636522
828,0.39145083930385244
829,0.5886157129116076
830,0.4015431791171009
831,0.428511601259206
832,0.482288372040783
833,0.4226453231805108
834,0.7069148425009739
835,0.7730195251587517
836,0.5532825300430616
837,0.5422254116395487
838,0.7310887412646659
839,0.6204850636945476
840,0.3430813322442027
841,0.06123615650769434
842,0.3619369623005698
843,0.3717173733265186
844,0.33579674428080397
845,0.423730591120313
846,0.3521958231078982
847,0.4710764163161939
848,0.49184723610686587
849,0.636228455666123
850,0.4557290499611626
851,0.4536075964543549
852,0.32170918958284855
853,0.3791789079443684
854,0.5146525559810818
855,0.4539146177232656
856,0.3871662527901005
857,0.2263090577998211
858,0.5440705717438121
859,0.2733109547857034
860,0.3669594718171776
861,0.5615914698560075
862,0.4684933557287537
863,0.4036157238166497
864,0.400493047600435
865,0.47719671003260833
866,0.2757292660900553
867,0.35082507292428455
868,0.3905745283655828
869,0.3717083212919203
870,0.6102637501616567
871,0.352914294941049
872,0.25061345198425256
873,0.6046736581295714
874,0.5334259780983336
875,0.5095569919047706
876,0.3968928760995036
877,0.520024620011187
878,0.2161357887486258
879,0.7872832096061413
880,0.37363982645050486
881,0.48642844260867263
882,0.47676139326815165
883,0.3275567540253635
884,0.7718856362624067
885,0.2941950701459612
886,0.23636514561897995
887,0.3820782374608937
888,0.37520602384998064
889,0.4530712910843286
890,0.5185302062105966
891,0.47810590229486344
892,0.3672085950979206
893,0.3284892870590693
894,0.3701320440753601
895,0.6071696619151734
896,0.45568153811013307
897,0.4017830761330809
898,0.41759492763262973
899,0.6354280785712847
900,0.6673593427708178
901,0.4387372716212456
902,0.6675802792335415
903,0.3910368672427359
904,0.41120509630398877
905,0.4692813610907758
906,0.43561760764189567
907,0.29863453435141485
908,0.5962784558139894
909,0.41577630518248776
910,0.43955764644045237
911,0.5968558557301776
912,0.16625783861583857
913,0.25476408685377977
914,0.4880601891192597
915,0.19106952085324466
916,0.430967163274076
917,0.49067698091916606
918,0.5151936019874634
919,0.42770506513542467
920,0.37430975984698506
921,0.7204393197574557
922,0.4619348263920789
923,0.4145209356096762
924,0.4603369440136765
925,0.4543256517864652
926,0.3091357636249331
927,0.6913098972355556
928,0.4701193776081077
929,0.41303139497778607
930,0.2834540444283365
931,0.6878785568573544
932,0.4309168624309033
933,0.47607487957416755
934,0.6256951484272881
935,0.5203169598759081
936,0.3348197005026241
937,0.34514285814290135
938,0.3239220211857582
939,0.5728330564498579
940,0.42135854351164403
941,0.3778315417913279
942,0.4310795094295612
943,0.487292731377395
944,0.6158931632100534
945,0.8610934075682504
946,0.508733986084613
947,0.585149664851246
948,0.49530565236603913
949,0.7973630988914838
950,0.5461355257008521
951,0.45123167987864854
952,0.37560873472635287
953,0.41132565422760015
954,0.40001373252925443
955,0.4314988770461635
956,0.3784602516429373
957,0.5876799018727223
958,0.46756221728410974
959,0.45059975252269907
960,0.23002226604686246
961,0.45985982122678026
962,0.4751767938803652
963,0.4285432522990017
964,0.5233743788326197
965,0.5112312066087654
966,0.6415900324022838
967,0.38794659539927906
968,0.38689843690033593
969,0.4204943975541928
970,0.5138010165743411
971,0.3259902448434679
972,0.4954735540218008
973,0.3852789877782487
974,0.33658523908247184
975,0.4978931879287961
976,0.4048240203094778
977,0.44918865093714194
978,0.3597984052286702
979,0.24867124254546213
980,0.40506032001251174
981,0.36174728306781945
982,0.4488279381767963
983,0.6244864397032741
984,0.4773629234549486
985,0.45081053134134197
986,0.5367398692573068
987,0.3830031289018961
988,0.478633980293584
989,0.49567870399153013
990,0.3935425472789306
991,0.5868845983731609
992,0.2948254779283405
993,0.4101798522365365
994,0.47234598566076663
995,0.39987196718972734
996,0.6347563665841943
997,0.4772457557676302
998,0.5535239037608451
999,0.4564246783980497
1000,0.6191941085914378
1001,0.3835165921293566
1002,0.378741467387753
1003,0.35520595849102254
1004,0.59556255132595
1005,0.45924905846304803
1006,0.45183153751192856
1007,0.2881949630749285
1008,0.2723816178279212
1009,0.6116549853258132
1010,0.3408302467535141
1011,0.429604827102536
1012,0.4990936089570653
1013,0.6262723506822316
1014,0.3752067317192788
1015,0.45559050102565074
1016,0.44693305572614594
1017,0.7124768916889143
1018,0.37065343319487326
1019,0.3698542686286627
1020,0.4854141747424107
1021,0.20600225345432252
1022,0.4233452558031721
1023,0.15455669930188007
1024,0.5163346110252851
1025,0.37833245404284654
1026,0.5554820452234711
1027,0.4096201217511559
1028,0.3154898200327101
1029,0.3847206161747907
1030,0.6704789762820059
1031,0.4789781489918371
1032,0.5106443736743382
1033,0.3577457453487451
1034,0.7973736691657882
1035,0.5666339117656684
1036,0.40205845090874265
1037,0.6505088723778264
1038,0.44940661906661805
1039,0.49568205136269583
1040,0.36563689004521643
1041,0.46315099365781054
1042,0.4509851721332675
1043,0.4005152573716892
1044,0.365141812389582
1045,0.3351663414206565
1046,0.39852966125593475
1047,0.28705611806345716
1048,0.3152601323885656
1049,0.4387249321030415
1050,0.39978551951818314
1051,0.7452231068691424
1052,0.41933188746557437
1053,0.3974345783308874
1054,0.2907458722829532
1055,0.32300853624498754
1056,0.520331131080229
1057,0.831883572273314
1058,0.4284231797841629
1059,0.39607765941799944
1060,0.38512827316248177
1061,0.4707947888161193
1062,0.47416138578972306
1063,0.7469835506234273
1064,0.37292026688649577
1065,0.29818729219573664
1066,0.3906669699082213
1067,0.382323853208576
1068,0.3471150256658795
1069,0.4454608522093919
1070,0.3794771667202634
1071,0.456928664275244
1072,0.3583264789572157
1073,0.5431545319532513
1074,0.32818778958120554
1075,0.40668307335535164
1076,0.8432880235859832
1077,0.50973623352648
1078,0.38931886228897006
1079,0.5057161910299502
1080,0.32005436385751057
1081,0.31878040771703464
1082,0.5492478242183662
1083,0.30805693393408073
1084,0.34534720542400166
1085,0.49696726102774696
1086,0.444348369480867
1087,0.2663264526555856
1088,0.32384568420738585
1089,0.4374216168394302
1090,0.5288794667986434
1091,0.5000719170012422
1092,0.7086140144441418
1093,0.5720473555676646
1094,0.3893200116370222
1095,0.36625062897668276
1096,0.8092221146942973
1097,0.39856923793343996
1098,0.4588067102301089
1099,0.4855440735165589
1100,0.3363504636618658
1101,0.431992917157537
1102,0.47893767255959063
1103,0.39718581354624455
1104,0.5085539252452494
1105,0.37924100443033076
1106,0.4756793010200251
1107,0.4657059576682293
1108,0.29872992955108585
1109,0.38920085500306756
1110,0.3801204434726576
1111,0.4074157485507176
1112,0.41373094083755907
1113,0.45987561444122477
1114,0.44091057508275366
1115,0.5798822486449376
1116,0.453546706266187
1117,0.537960352546667
1118,0.39683999475796383
1119,0.3888014856745431
1120,0.3926682174222824
1121,0.8277830211568735
1122,0.35655068410480606
1123,0.3968221070319335
1124,0.6541724005137737
1125,0.4170995871203794
1126,0.3018266823848452
1127,0.44861271412265563
1128,0.48113419332350993
1129,0.8299142384008515
1130,0.7466549618188991
1131,0.6378850398016171
1132,0.6104719707383661
1133,0.5960556394351947
1134,0.4029804048575114
1135,0.38822259017951455
1136,0.4621483976372265
1137,0.4445342894584092
1138,0.6383660640026563
1139,0.35598838888927653
1140,0.40845512365954256
1141,0.5284803612121775
1142,0.6610968814864505
1143,0.5044436715849102
1144,0.6287487468974624
1145,0.42522933145483105
1146,0.929600419707154
1147,0.399851196175851
1148,0.4953742269297659
1149,0.4365454685511256
1150,0.3198372888315595
1151,0.6182550262009842
1152,0.3600904290210281
1153,0.4336694896641364
1154,0.2531533812642175
1155,0.40772914100227187
1156,0.4706141558776859
1157,0.8615733480206726
1158,0.3682734998933351
1159,0.43612012118638416
1160,0.41525578537009017
1161,0.5364389797857313
1162,0.7245243879610261
1163,0.4306842385070776
1164,0.5780514106952207
1165,0.37548215941487467
1166,0.3377311785054217
1167,0.5797853372185131
1168,0.2812270707077788
1169,0.4215057696302009
1170,0.42616211720260455
1171,0.4217485999976174
1172,0.3669913120045299
1173,0.3938029652442164
1174,0.39573854435334477
1175,0.6217688987736969
1176,0.47894136380694374
1177,0.3943349163879108
1178,0.5347492789043097
1179,0.37071940458612684
1180,0.29057943415882537
1181,0.33356397224497547
1182,0.41036753355397065
1183,0.2628314584843672
1184,0.5629202578184128
1185,0.4380150429172453
1186,0.5142038626264819
1187,0.5628140957482217
1188,0.3080561887416628
1189,0.48371426400200757
1190,0.5409799082779841
1191,0.3500934733818268
1192,0.2920891990582913
1193,0.5600787796257135
1194,0.49474485086584286
1195,0.25428666256702287
1196,0.6556124197771175
1197,0.5339522667641856
1198,0.5550137405303711
1199,0.2737327389496343
1200,0.5147673551316716
1201,0.2759350248346299
1202,0.3206214475814389
1203,0.40101885001006865
1204,0.38311789721282236
1205,0.4292806889447714
1206,0.4743788857902958
1207,0.4615028786121212
1208,0.37866207242318306
1209,0.2917407330982773
1210,0.3674807408151987
1211,0.29772685081577427
1212,0.505124128321133
1213,0.36664154801712684
1214,0.3508633827647823
1215,0.6558228913901654
1216,0.5422356584604713
1217,0.41708306416652996
1218,0.19339693142536313
1219,0.3513359910887444
1220,0.40808535127829804
1221,0.31137892807267836
1222,0.406661655399729
1223,0.4134501782376605
1224,0.6757575382561496
1225,0.37838523788852374
1226,0.5234284985016833
1227,0.47702735218710335
1228,0.5255885418424914
1229,0.3330656379189647
1230,0.3642306863981721
1231,0.4409175587109489
1232,0.48084100165723065
1233,0.7327954503146737
1234,0.44482705357202906
1235,0.7786577027062922
1236,0.40035543401555795
1237,0.2973276197334882
1238,0.4699918657268959
1239,0.41792583022823265
1240,0.46067290885304196
1241,0.3706259942201848
1242,0.5298391725950885
1243,0.5566792267149092
1244,0.42605282128991906
1245,0.3199851999913396
1246,0.47712686788924763
1247,0.33356639068465
1248,0.244122145772374
1249,0.3426567042751228
1250,0.3553988604672342
1251,0.42074729572398467
1252,0.3530600681498542
1253,0.6136035841277685
1254,0.5404448573769899
1255,0.2584147032267553
1256,0.6966449460854675
1257,0.37998953829748167
1258,0.45090640875843585
1259,0.39332169736577594
1260,0.48492174444504255
1261,0.42725526630618893
1262,0.49406047429638217
1263,0.5386677911988104
1264,0.5763592971286121
1265,0.3048346428546414
1266,0.3654579638308464
1267,0.45165958556502506
1268,0.450487840263722
1269,0.3429769559278919
1270,0.31273050511410305
1271,0.4144198794359689
1272,0.5362622891839318
1273,0.32424919378342726
1274,0.45140809654012315
1275,0.3627478915620017
1276,0.590125527306386
1277,0.4643959555162948
1278,0.39360138415605733
1279,0.4158029858993217
1280,0.3675868892966192
1281,0.4327604845949069
1282,0.4098521250516281
1283,0.4522718763678642
1284,0.32462526044004547
1285,0.3359691575016621
1286,0.39337632773858183
1287,0.41866126349020255
1288,0.4972401671239332
1289,0.4929674747294898
1290,0.6583337379201771
1291,0.30361264233609475
1292,0.5207588128647581
1293,0.5409320595906898
1294,0.3530619826482909
1295,0.604417743223573
1296,0.4683869863411883
1297,0.4461664509251374
1298,0.40922293776473473
1299,0.5539277364849399
1300,0.34261223230199733
1301,0.6725198468059965
1302,0.3012265363306947
1303,0.4868339404280519
1304,0.25431956411529194
1305,0.31888984719565167
1306,0.4242442974829244
1307,0.6082555700411825
1308,0.4664965788304813
1309,0.28335359630666296
1310,0.2907797600252095
1311,0.3953449023403304
1312,0.5491106436537718
1313,0.5601759059505695
1314,0.38338999176195065
1315,0.3891249756355943
1316,0.4455565708990668
1317,0.7479389534527611
1318,0.5426274780491909
1319,0.2612879382054189
1320,0.36645928126582994
1321,0.44554064679497923
1322,0.5885853426391845
1323,0.14516498392085211
1324,0.34793537674634023
1325,0.3864667430553898
1326,0.6611025722068032
1327,0.2656988328993875
1328,0.34461340874890756
1329,0.8274380171729991
1330,0.3689943512613861
1331,0.38876630741336515
1332,0.4374181522010369
1333,0.535000920352553
1334,0.46332581293055153
1335,0.4749353286578506
1336,0.3195543910822735
1337,0.429170447153038
1338,0.4556916356993661
1339,0.5043869507105254
1340,0.33281907331549393
1341,0.46163708557983973
1342,0.5518311007733554
1343,0.5588804015671626
1344,0.41415413160269504
1345,0.3974980016686978
1346,0.3337316926959286
1347,0.339440792352257
1348,0.33015905712974025
1349,0.47371268487035334
1350,0.304948902851216
1351,0.4243740791514873
1352,0.47230462349799385
1353,0.37210650300724624
1354,0.4672465269461357
1355,0.34177661343401633
1356,0.42819584119491033
1357,0.5223836054143373
1358,0.44106101879211207
1359,0.5203048533003103
1360,0.5260860344689388
1361,0.4549400655036372
1362,0.5481295179880756
1363,0.35391524664550633
1364,0.5398062676524924
1365,0.5297296121853212
1366,0.43520978200375054
1367,0.3619044967398686
1368,0.40329897344330684
1369,0.5076613436567181
1370,0.27866103229779127
1371,0.3683674402563462
1372,0.47634352931256585
1373,0.48808647853890164
1374,0.33740681690346336
1375,0.5272596799097061
1376,0.5807825167411982
1377,0.6041891575736404
1378,0.20327103726867662
1379,0.43827858879585513
1380,0.3561399006963839
1381,0.3975176199941797
1382,0.4858652871811575
1383,0.4447723880788669
1384,0.4031346377852799
1385,0.4415259263024395
1386,0.41901409363996545
1387,0.6299184756109193
1388,0.4464445999788488
1389,0.43578752578814023
1390,0.4528099285381628
1391,0.3434162683433283
1392,0.5122370796240288
1393,0.3375422994284487
1394,0.20928983296150971
1395,0.7256223540318295
1396,0.551625789720536
1397,0.34823643105147756
1398,0.3174094676533183
1399,0.4195998182838747
1400,0.49125623227615306
1401,0.4299386310632206
1402,0.5162818923964232
1403,0.4333583480507916
1404,0.45166808079369836
1405,0.4204065054183972
1406,0.26522132631764606
1407,0.671002369608742
1408,0.4818198973809747
1409,0.5907976884006757
1410,0.4733405560526719
1411,0.491810185206709
1412,0.2570449355891793
1413,0.4326668458853858
1414,0.47804308277240376
1415,0.4449123595153896
1416,0.39842895647284926
1417,0.3987443294600026
1418,0.283922655595567
1419,0.3000854544286267
1420,0.3099360867711382
1421,0.34229371904674105
1422,0.550269736172942
1423,0.47230491565050825
1424,0.40501572838400474
1425,0.3318895843291381
1426,0.3516263189225611
1427,0.7535411820401919
1428,0.3449906711567486
1429,0.43131908091135485
1430,0.35969299885050227
1431,0.6552554868712033
1432,0.2266623719922423
1433,0.3887032868370493
1434,0.519899511671005
1435,0.31119724047666164
1436,0.5644930912517937
1437,0.5089794352545326
1438,0.5187537456733364
1439,0.428874626230684
1440,0.30361610619730417
1441,0.4389056681434175
1442,0.2683980705826693
1443,0.4005995769261664
1444,0.3329932154293314
1445,0.5521984799872699
1446,0.645066921493503
1447,0.34900683727039633
1448,0.4999476014578656
1449,0.6320731949585469
1450,0.3332809938475056
1451,0.5033939799694894
1452,0.47427660112595926
1453,0.45130848547663815
1454,0.5175741404717933
1455,0.4830010036249524
1456,0.8606506215672942
1457,0.35888005825812763
1458,0.6644551485766621
1459,0.41664193866787697
1460,0.329691022062754
1461,0.2810943221940235
1462,0.7880551028173143
1463,0.5208305937072986
1464,0.6248334201178498
1465,0.5441458995174352
1466,0.32689823582980415
1467,0.5657970243009125
1468,0.4678072206424298
1469,0.2896042297611443
1470,0.3349239221108317
1471,0.3979107854833307
1472,0.5361510618733034
1473,0.7566455997390357
1474,0.40176916526311784
1475,0.47298888907634423
1476,0.26562287461151385
1477,0.34939353381168625
1478,0.4316105970633287
1479,0.3921048662029331
1480,0.5108421186519586
1481,0.45955330733269895
1482,0.4861822479414474
1483,0.5299124719140981
1484,0.3049438525796501
1485,0.43264780251817253
1486,0.5214562110804748
1487,0.29249318501909854
1488,0.3582001077308524
1489,0.44516498148553224
1490,0.6773668252110034
1491,0.36753482758428824
1492,0.43355686539036986
1493,0.3183901517364716
1494,0.5735136081012482
1495,0.3341098880072876
1496,0.3557542728431193
1497,0.4554824079866494
1498,0.4547735220351259
1499,0.4168569417783648
1500,0.5077477323470827
1501,0.3766914689834753
1502,0.5519230393723557
1503,0.4007270061743428
1504,0.3974998202365866
1505,0.3583917037131275
1506,0.5290404938354482
1507,0.3875177259495141
1508,0.44721122056156754
1509,0.47933388001803956
1510,0.1847795435610303
1511,0.6681572537048618
1512,0.23192694466527833
1513,0.5120588626701703
1514,0.454149373851003
1515,0.6355138182850434
1516,0.32988691568929346
1517,0.5007694539988955
1518,0.4168643605897785
1519,0.40646277317440954
1520,0.2354296073105642
1521,0.3812855069854928
1522,0.41249271401350457
1523,0.4810016497796258
1524,0.35154329133629136
1525,0.3633262835023904
1526,0.3970661442147129
1527,0.4302747496958758
1528,0.4095364465766211
1529,0.45345946459128145
1530,0.31423422173606846
1531,0.42765267522154377
1532,0.4048213719209852
1533,0.5323835288070667
1534,0.4986410883832484
1535,0.43352186257884173
1536,0.7079405425704967
1537,0.4526966617916086
1538,0.4199574968617262
1539,0.47333507981017686
1540,0.5049212454616498
1541,0.4315150145984437
1542,0.4954026784187263
1543,0.4068552999595268
1544,0.5419775324300434
1545,0.316586317500602
1546,0.3149124470376216
1547,0.26743081381904193
1548,0.33243022634622965
1549,0.45962199120470393
1550,0.41613497365082774
1551,0.4848552688698792
1552,0.4707039633451427
1553,0.462341278248271
1554,0.5020750341793654
1555,0.3011145088950629
1556,0.3039948433067001
1557,0.48937155466019217
1558,0.37258884490393657
1559,0.36195911845062906
1560,0.4371113166058117
1561,0.3829594485048138
1562,0.4612608845602298
1563,0.5364583704947944
1564,0.3592229545834247
1565,0.3102282754090844
1566,0.3784280467018563
1567,0.300628056113464
1568,0.7951260026620665
1569,0.27077300982462027
1570,0.4163308257763165
1571,0.6003491924407705
1572,0.5447623520786884
1573,0.43824765292371254
1574,0.5287512620029854
1575,0.5344118461209332
1576,0.3212296123491737
1577,0.5142021172202506
1578,0.4511220989784435
1579,0.39614619471968304
1580,0.4824807910629945
1581,0.6180237781498751
1582,0.5621396430343238
1583,0.4597526096808789
1584,0.3127578430873606
1585,0.335017086627968
1586,0.7390322401749201
1587,0.4648809780149086
1588,0.4389117705211994
1589,0.5880162340131463
1590,0.3545275622672379
1591,0.5873373444546975
1592,0.5563176656967591
1593,0.4379384807176473
1594,0.3749139630796518
1595,0.24251781283393578
1596,0.33254215719567215
1597,0.37962927878235
1598,0.3446487321065706
1599,0.7387694382707416
1600,0.4403001776964662
1601,0.3644750325698083
1602,0.7824661052137327
1603,0.26178795931993687
1604,0.44848220075375045
1605,0.7559995947654877
1606,0.41267172499818466
1607,0.4022206682513343
1608,0.9522233372778054
1609,0.42589172852075796
1610,0.5548494357055908
1611,0.5399193343105344
1612,0.43338773353793336
1613,0.492536143957944
1614,0.2866328225929691
1615,0.4752435239837083
1616,0.5762435250419989
1617,0.5884885698227149
1618,0.41202168898676905
1619,0.534099113905933
1620,0.35197426465889065
1621,0.29848799361659273
1622,0.4771522822459549
1623,0.2863588564489931
1624,0.25474481937544385
1625,0.4566997835640708
1626,0.4366466698494609
1627,0.41938046933054174
1628,0.3218112435134738
1629,0.3421341915759652
1630,0.5070078216382932
1631,0.4160568768086054
1632,0.46410446881725087
1633,0.3985359929132978
1634,0.53476264164657
1635,0.27212016070897077
1636,0.5022073491413932
1637,0.5670803894818569
1638,0.412695038569508
1639,0.38246421456561575
1640,0.3294970292751192
1641,0.3625351657247669
1642,0.30074768319240863
1643,0.36320491706746294
1644,0.37453008275294836
1645,0.579658499180923
1646,0.3805656416701532
1647,0.5143802179680425
1648,0.384724419197722
1649,0.3582999997342513
1650,0.39741608699952485
1651,0.20738813645345378
1652,0.47587439070555926
1653,0.4623394461303505
1654,0.3862912210323025
1655,0.39156326115186524
1656,0.37277117362417617
1657,0.49572903682027036
1658,0.34630292268101465
1659,0.3577955562715863
1660,0.42970909270207686
1661,0.2542051975925482
1662,0.4897854131424473
1663,0.2995454165764499
1664,0.7676235080947965
1665,0.48611670086128134
1666,0.4777824566761041
1667,0.4218637167664649
1668,0.7338193859725843
1669,0.5724996032376553
1670,0.4126613406470567
1671,0.5480784602505492
1672,0.3114657668558372
1673,0.8498552588670015
1674,0.33917901149272506
1675,0.26624916840818424
1676,0.5214497759893988
1677,0.27922506418167103
1678,0.6905837662936509
1679,0.53165218262644
1680,0.4113032107481668
1681,0.3777716431497929
1682,0.5358033900995611
1683,0.6305181068193779
1684,0.5507125097018986
1685,0.4419323149669793
1686,0.4774126638197527
1687,0.6726327370708483
1688,0.3427990951765064
1689,0.37834093708957184
1690,0.5520966828041048
1691,0.5476944193293829
1692,0.41898957569538614
1693,0.4792297561397503
1694,0.40936897768036895
1695,0.3692952627800915
1696,0.42838909436095957
1697,0.4522662660506893
1698,0.3396219990291227
1699,0.7298977273167371
1700,0.5766814869264766
1701,0.4493259977503266
1702,0.4746339697631832
1703,0.3836594922629712
1704,0.3557263255347255
1705,0.3483917252758456
1706,0.5278507029387917
1707,0.3274885372015001
1708,0.3982768563768545
1709,0.38615217164538895
1710,0.27945796340831025
1711,0.28924543099479294
1712,0.5090349701420852
1713,0.5540860180340272
1714,0.4363979165003071
1715,0.16527054599644944
1716,0.5880183253724629
1717,0.6521985254198974
1718,0.5316015693918118
1719,0.32409311424601733
1720,0.5126471830168395
1721,0.35908051291259474
1722,0.4357610518202684
1723,0.4096212834153558
1724,0.40219482502356757
1725,0.3386427193329166
1726,0.37442323775793396
1727,0.6144484325813137
1728,0.49348009039164226
1729,0.49838689843028244
1730,0.44129034711261106
1731,0.34436240174746113
1732,0.45833194851448594
1733,0.5333201128059454
1734,0.5154301377752959
1735,0.41544241236035534
1736,0.3702581422706158
1737,0.38896794874101864
1738,0.5697652472646383
1739,0.3675479596637805
1740,0.5427551641922028
1741,0.4254457803130525
1742,0.4836090031024654
1743,0.4298457648072747
1744,0.2704768033428194
1745,0.4220438223384623
1746,0.8102193646534046
1747,0.41544588352197037
1748,0.294835839230037
1749,0.5028288516767707
1750,0.5301583479393805
1751,0.35344948507351015
1752,0.4594380363283834
1753,0.4314740678490709
1754,0.347605977678152
1755,0.48004453913369705
1756,0.23869412752089378
1757,0.500043012085856
1758,0.39423602303476113
1759,0.38742834314373464
1760,0.768478577966407
1761,0.5023786912818556
1762,0.4236636504565358
1763,0.5036795141068252
1764,0.5084088818346346
1765,0.18462720025669807
1766,0.2939568083602721
1767,0.6386553699933615
1768,0.4749924055369732
1769,0.4105424820490156
1770,0.554882081376231
1771,0.32059388267223216
1772,0.4233471565848978
1773,0.37272371931792825
1774,0.26534143014874256
1775,0.3178754118781732
1776,0.1637363741470608
1777,0.8202082873455794
1778,0.4280756972026364
1779,0.6759875261355538
1780,0.46722540274656194
1781,0.44948857358239924
1782,0.5512917452703365
1783,0.5319007651480433
1784,0.4423405132599813
1785,0.3898586232807733
1786,0.5105492753950455
1787,0.706604514269588
1788,0.37952508711649907
1789,0.30654162276243035
1790,0.4139183127995049
1791,0.2844311666323867
1792,0.376600507582165
1793,0.3048469581853473
1794,0.40566436175947845
1795,0.5037058881997437
1796,0.4261509350008485
1797,0.41534874505777203
1798,0.3722524851530133
1799,0.2747638073301172
1800,0.5175574106425002
1801,0.49057046770933077
1802,0.26910770104218096
1803,0.3971864477247032
1804,0.38301785715203973
1805,0.5182937057559257
1806,0.42552852567535426
1807,0.5023296673993699
1808,0.3682548489117926
1809,0.3419841751349664
1810,0.5266501404820656
1811,0.5909423111520281
1812,0.30341504138911873
1813,0.8519712453867285
1814,0.24485387395119446
1815,0.44708449309786263
1816,0.3213773166418565
1817,0.4071604380810906
1818,0.4564994998991787
1819,0.45067600355742793
1820,0.5869264055433057
1821,0.4746900312863322
1822,0.40502250071149926
1823,0.3914317825153036
1824,0.31875708189412477
1825,0.6040607095941591
1826,0.5062263048376268
1827,0.3454931404609311
1828,0.4857095430247949
1829,0.45898910465860815
1830,0.40703941888657935
1831,0.606323422706821
1832,0.41494948492900374
1833,0.3518808890354159
1834,0.31476839285990377
1835,0.46280001903798884
1836,0.3977943940359152
1837,0.4800162324147903
1838,0.24378000587129553
1839,0.6869942029341755
1840,0.49334772135651395
1841,0.3715386530444922
1842,0.6315841216309164
1843,0.5483164039225806
1844,0.48256534576203053
1845,0.6393682343431543
1846,0.5149749967248284
1847,0.3470800270715044
1848,0.3772594319586705
1849,0.595548436351571
1850,0.5247211939885105
1851,0.5010157497960546
1852,0.6037577667269517
1853,0.4439778092804331
1854,0.16457989591451097
1855,0.5380240369669484
1856,0.36335077821912
1857,0.3621888406751468
1858,0.9383278686414883
1859,0.43968542958523227
1860,0.6890107353563314
1861,0.49858843792874585
1862,0.5998989940890956
1863,0.3497608200171283
1864,0.34033320544199774
1865,0.6977454673168625
1866,0.8850451660205488
1867,0.6989136285169942
1868,0.4648068130190545
1869,0.4891079402533481
1870,0.4659255738473315
1871,0.7189777068938493
1872,0.4230100189420213
1873,0.31310183285765175
1874,0.2562011593671578
1875,0.3815533381193066
1876,0.4292902423398211
1877,0.4319858859854712
1878,0.40230939041540364
1879,0.5028190212786146
1880,0.4306893797708822
1881,0.44361317975856945
1882,0.5116757521382208
1883,0.3135204665979612
1884,0.6018133529787232
1885,0.40939077516327743
1886,0.4023973591223377
1887,0.39810447508493413
1888,0.48883186686048813
1889,0.457666543732658
1890,0.3929810795394127
1891,0.3618661469424949
1892,0.4230101380317818
1893,0.5641851455889867
1894,0.6463505029794107
1895,0.4654242646981275
1896,0.4167264817927709
1897,0.304783404725558
1898,0.7472320984050693
1899,0.5237211336194164
1900,0.8219333288442313
1901,0.7250316855475601
1902,0.9059081385671979
1903,0.7748288921942
1904,0.7121868896533949
1905,0.8689101973205042
1906,0.9657914446196704
1907,0.8432749553911727
1908,0.8157177257755462
1909,0.7695201116930953
1910,0.39267178706008804
1911,0.6851628644544929
1912,0.8418705712241424
1913,0.8835761953100375
1914,0.8454066421565319
1915,0.6248351294027683
1916,0.8856734535235234
1917,0.8140539822583053
1918,0.7014439883305884
1919,0.7562720954993931
1920,0.827322554715816
1921,0.6664524811317518
1922,0.9596906811888429
1923,0.8450654922830279
1924,0.7140914441963802
1925,0.8898057832604019
1926,0.5131531233305594
1927,0.7087908396114506
1928,0.954154489647671
1929,0.4224730339532372
1930,0.6501557034958084
1931,0.7725731171548025
1932,0.7373566711765057
1933,0.7973555411180608
1934,0.8634481406616558
1935,0.664196512569529
1936,0.922613349841026
1937,0.8666014253899785
1938,0.765018357169254
1939,0.8182658299092533
1940,0.7556268872314429
1941,0.6496021057944291
1942,0.9767108896999798
1943,0.8518369593742767
1944,0.8667222508158318
1945,0.9108185084965243
1946,0.9172965534536145
1947,0.935990507238399
1948,0.7038995191468804
1949,0.850867844898028
1950,0.7287761239603744
1951,0.3635608222842427
1952,0.7160845750764568
1953,0.8804530217418659
1954,0.868593638027296
1955,0.8192275240014577
1956,0.8275181137628946
1957,0.66338386750636
1958,0.7551194122713477
1959,0.8176080746139359
1960,0.7951046421302498
1961,0.966321180538574
1962,0.9375211008335614
1963,0.8378095553617616
1964,0.8438174256276824
1965,0.9761534347332821
1966,0.812362380590349
1967,0.8062839442038493
1968,0.7907907854160829
1969,0.8324002885429934
1970,0.909725411642206
1971,0.9369381605126507
1972,0.8988224763473194
1973,0.8121819147009929
1974,0.6448850221534247
1975,0.5918924701142807
1976,0.923991698558087
1977,0.7662921188725929
1978,0.8885990747202347
1979,0.5729856358264236
1980,0.7820894636433853
1981,0.916610503163221
1982,0.9403683246599422
1983,0.8995173831903926
1984,0.8760452064700692
1985,0.9852410040424536
1986,0.7500616558994423
1987,0.7516492012173701
1988,0.9729477438868164
1989,0.7814223913556869
1990,0.7917160287056606
1991,0.8338246320557663
1992,0.7932439304628532
1993,0.7870060156765232
1994,0.8945196922428169
1995,0.9557181800517252
1996,0.9941680730071069
1997,0.9248266959741113
1998,0.8358549382360974
1999,0.6652333264574877
2000,0.8127683587494791
2001,0.7957369337646999
2002,0.8780298551367598
2003,0.8447797229618282
2004,0.9401891673704006
2005,0.7225200538222294
2006,0.7368522957312885
2007,0.839960090640799
2008,0.7953783778507629
2009,0.9655070551596959
2010,0.792293782949063
2011,0.5245844260990229
2012,0.8577738051353013
2013,0.5577343805387553
2014,0.597390739681421
2015,0.8668895803574196
2016,0.8835320734074897
2017,0.9654704065871476
2018,0.8872995646203783
2019,0.8471259105849764
2020,0.768376091111303
2021,0.7741024599012368
2022,0.7235110166331746
2023,0.8583817059547666
2024,0.6440519924364765
2025,0.9261595950466527
2026,0.9126452967829033
2027,0.6250975041112532
2028,0.96425203001686
2029,0.8352935709768262
2030,0.8601731561449957
2031,0.6302671145040581
2032,0.8641367796166635
2033,0.7875107968757433
2034,0.6494379523137522
2035,0.8364626667148695
2036,0.8295624766908837
2037,0.8482631247380653
2038,0.736278990968043
2039,0.9001957303391559
2040,0.7450833157289853
2041,0.8753436494630704
2042,0.8614248385571105
2043,0.8166004776030772
2044,0.5103550589501915
2045,0.8823970779612429
2046,0.9272311349291031
2047,0.6863997355086278
2048,0.8138611942013009
2049,0.635692113944565
2050,0.8951562079352585
2051,0.9666676027445372
2052,0.7819562254416784
2053,0.5991419647509438
2054,0.7096194481127521
2055,0.9079031711542672
2056,0.7841597829221248
2057,0.8074545340507826
2058,0.8039799428395433
2059,0.7622804835895829
2060,0.7507414699276165
2061,0.8259630812695563
2062,0.8005313449095244
2063,0.9822309979451426
2064,0.9445522097627419
2065,0.9936837176994383
2066,0.6303701567468105
2067,0.7880162569474819
2068,0.7470669296222314
2069,0.8609123894154851
2070,0.8323565495191598
2071,0.7403515736722731
2072,0.7746200833953952
2073,0.7439307005231623
2074,0.9223223358686802
2075,0.7827346662922521
2076,0.8480919880422582
2077,0.9725206392410038
2078,0.8063063768847456
2079,0.8358541028734779
2080,0.6011097714290614
2081,0.7847647282361917
2082,0.5612122543008721
2083,0.8783263706717013
2084,0.7729932792934279
2085,0.8925385243604262
2086,0.8890441325517084
2087,0.9263579400198794
2088,0.7611595959375851
2089,0.6692266255971066
2090,0.7965786108206562
2091,0.9257154450774704
2092,0.7321802409160919
2093,0.7065419638180434
2094,0.8196424645674417
2095,0.9726002273987925
2096,0.8143374343957006
2097,0.9126787451475737
2098,0.9068313104297164
2099,0.8572763033474238
2100,0.7260178383730898
2101,0.6895218286410436
2102,0.7926764515316269
2103,0.7297786363460007
2104,0.8435767628345414
2105,0.8472070063810159
2106,0.7248163709101257
2107,0.9216165886761263
2108,0.7983996488101391
2109,0.9237431121552789
2110,0.8338113079102152
2111,0.8551540160960777
2112,0.9423543614807476
2113,0.8341241747715112
2114,0.8004254111037895
2115,0.9667054510491154
2116,0.8475672480480956
2117,0.7334397040636145
2118,0.88207715160015
2119,0.99473800224428
2120,0.9362390103978978
2121,0.8972181012847148
2122,0.8046402702978674
2123,0.9744651495486488
2124,0.5959017519906614
2125,0.9493941374525311
2126,0.9191443277084385
2127,0.801049740301576
2128,0.8233019525214583
2129,0.8146668173008496
2130,0.9604213829936159
2131,0.7593880211767473
2132,0.861709948003137
2133,0.7006847674782565
2134,0.7056495159432362
2135,0.8055312680517703
2136,0.8055097089656138
2137,0.9375402523620456
2138,0.8446127779711146
2139,0.8387527053132314
2140,0.7742331729146412
2141,0.9640572021090161
2142,0.8458692103996827
2143,0.8521946325080644
2144,0.6778434090536176
2145,0.7753039928478077
2146,0.88014753222655
2147,0.7816638705616091
2148,0.7294196759527531
2149,0.8956706938410549
2150,0.7759697079351721
2151,0.7979274769566606
2152,0.8685495019740257
2153,0.7474658164745503
2154,0.8555604024445577
2155,0.4302189141104401
2156,0.8301464224896292
2157,0.7267868454528339
2158,0.870256194136241
2159,0.5992508137851951
2160,0.8538259825497106
2161,0.9548416623395012
2162,0.9814296174317095
2163,0.7930877546169911
2164,0.7799581399574349
2165,0.9145098732611433
2166,0.824891159769772
2167,0.537858139720135
2168,0.8716902063214462
2169,0.8833871189485529
2170,0.4128995123105345
2171,0.2831964338137987
2172,0.7269272514707598
2173,0.5606385327517445
2174,0.7456300525246756
2175,0.9544988563243791
2176,0.8439903013900707
2177,0.7588916497658258
2178,0.6683446149356448
2179,0.677666269013046
2180,0.881586752731118
2181,0.8966887752975148
2182,0.7544797000691924
2183,0.6585290091638829
2184,0.9081846939771683
2185,0.5600706402697799
2186,0.9582905791943019
2187,0.9098714195589124
2188,0.8181370690673478
2189,0.8866590737057721
2190,0.8312006016310256
2191,0.8402105976327665
2192,0.9911134384918694
2193,0.8175483701719591
2194,0.8222616661747277
2195,0.7371994280741366
2196,0.7062008484898457
2197,0.9068106266355255
2198,0.9132880499811561
2199,0.7552256251552507
2200,0.8596957735073345
2201,0.8973672622204146
2202,0.8910136401586976
2203,0.8629274164250567
2204,0.8027639108139709
2205,0.8612470781835695
2206,0.9070480671867533
2207,0.8491089488755091
2208,0.9735266757458007
2209,0.6471448688855372
2210,0.9432753382584383
2211,0.8234464308198515
2212,0.9365456096135463
2213,0.7290122969721411
2214,0.8182326691068106
2215,0.910588631220011
2216,0.9276212548156101
2217,0.8125056427156193
2218,0.7037374748798746
2219,0.852761679481346
2220,0.914632679130503
2221,0.7880719836916743
2222,0.7861700347277428
2223,0.8916077986741446
2224,0.9559797351422197
2225,0.9360331878720628
2226,0.605180292713172
2227,0.9153410522090621
2228,0.8644723114366898
2229,0.8857261268255857
2230,0.8698561404001033
2231,0.7190682743397363
2232,0.8926760031701214
2233,0.7963669470167707
2234,0.9150274703460958
